USE my_gim;

-- Seed generato automaticamente da LabCRUD/src/lib/server/db/labs.sqlite

INSERT INTO Ordinamento (id, ordinamento, descrizione) VALUES
    (1, 'Liceo', NULL),
    (2, 'Istituto Tecnico', NULL),
    (3, 'Istituto Professionale', NULL),
    (4, 'Istituto Tecnico Superiore', NULL);

INSERT INTO Corso (id, idOrdinamento, corso, descrizione) VALUES
    (1, 1, 'Liceo Classico', NULL),
    (2, 1, 'Liceo Scientifico', NULL),
    (3, 1, 'Liceo Linguistico', NULL),
    (4, 1, 'Liceo Artistico', NULL),
    (5, 1, 'Liceo Musicale e Coreutico', NULL),
    (6, 1, 'Liceo delle Scienze Umane', NULL),
    (7, 2, 'Istituto Tecnico settore Economico', NULL),
    (8, 2, 'Istituto Tecnico settore Tecnologico', NULL),
    (9, 3, 'Istituto Professionale settore Servizi', NULL),
    (10, 3, 'Istituto Professionale settore Industria e Artigianato', NULL);

INSERT INTO Indirizzo (id, idCorso, indirizzo, descrizione) VALUES
    (1, 1, 'Liceo Classico', NULL),
    (2, 2, 'Liceo Scientifico', NULL),
    (3, 3, 'Liceo Linguistico', NULL),
    (4, 4, 'Liceo Artistico', NULL),
    (5, 5, 'Liceo Musicale e Coreutico', NULL),
    (6, 6, 'Liceo delle Scienze Umane', NULL),
    (7, 7, 'AMMINISTRAZIONE, FINANZA E MARKETING', NULL),
    (8, 7, 'TURISMO', NULL),
    (9, 8, 'MECCANICA, MECCATRONICA ED ENERGIA', NULL),
    (10, 8, 'TRASPORTI E LOGISTICA', NULL),
    (11, 8, 'ELETTRONICA ED ELETTROTECNICA', NULL),
    (12, 8, 'INFORMATICA E TELECOMUNICAZIONI', NULL),
    (13, 8, 'GRAFICA E COMUNICAZIONE', NULL),
    (14, 8, 'CHIMICA, MATERIALI E BIOTECNOLOGIE', NULL),
    (15, 8, 'SISTEMA MODA', NULL),
    (16, 8, 'AGRARIA, AGROALIMENTARE E AGROINDUSTRIA', NULL),
    (17, 8, 'COSTRUZIONI, AMBIENTE E TERRITORIO', NULL),
    (18, 9, 'SERVIZI PER L''AGRICOLTURA E LO SVILUPPO RURALE', NULL),
    (19, 9, 'SERVIZI SOCIO-SANITARI', NULL),
    (20, 9, 'SERVIZI PER L''ENOGASTRONOMIA E L''OSPITALITÀ ALBERGHIERA', NULL),
    (21, 9, 'SERVIZI COMMERCIALI', NULL),
    (22, 10, 'PRODUZIONI INDUSTRIALI E ARTIGIANALI', NULL),
    (23, 10, 'MANUTENZIONE E ASSISTENZA TECNICA', NULL),
    (24, 10, 'GESTIONE DELLE ACQUE E RISANAMENTO AMBIENTALE', NULL);

INSERT INTO Articolazione (id, idIndirizzo, articolazione) VALUES
    (1, 2, 'opzione Scienze Applicate'),
    (2, 2, 'Sezione ad indirizzo sportivo'),
    (3, 4, 'indirizzo "Arti figurative"'),
    (4, 4, 'indirizzo "Architettura e ambiente"'),
    (5, 4, 'indirizzo "Design"'),
    (6, 4, 'indirizzo "Audiovisivo e multimediale"'),
    (7, 4, 'indirizzo "Grafica"'),
    (8, 4, 'indirizzo "Scenografia"'),
    (9, 5, 'sezione Musicale'),
    (10, 5, 'sezione Coreutica'),
    (11, 6, 'opzione Economico-sociale'),
    (12, 7, 'SISTEMI INFORMATIVI AZIENDALI'),
    (13, 7, 'RELAZIONI INTERNAZIONALI PER IL MARKETING'),
    (14, 9, 'MECCANICA E MECCATRONICA'),
    (15, 9, 'ENERGIA'),
    (16, 10, 'COSTRUZIONE DEL MEZZO'),
    (17, 10, 'CONDUZIONE DEL MEZZO'),
    (18, 10, 'LOGISTICA'),
    (19, 11, 'ELETTRONICA'),
    (20, 11, 'ELETTROTECNICA'),
    (21, 11, 'AUTOMAZIONE'),
    (22, 12, 'INFORMATICA'),
    (23, 12, 'TELECOMUNICAZIONI'),
    (24, 14, 'CHIMICA E MATERIALI'),
    (25, 14, 'BIOTECNOLOGIE AMBIENTALI'),
    (26, 14, 'BIOTECNOLOGIE SANITARIE'),
    (27, 15, 'TESSILE, ABBIGLIAMENTO E MODA'),
    (28, 15, 'CALZATURE E MODA'),
    (29, 16, 'PRODUZIONI E TRASFORMAZIONI'),
    (30, 16, 'GESTIONE DELL''AMBIENTE E DEL TERRITORIO'),
    (31, 16, 'VITICOLTURA ED ENOLOGIA'),
    (32, 17, 'TECNOLOGIE DEL LEGNO NELLE COSTRUZIONI'),
    (33, 19, 'ARTI AUSILIARIE DELLE PROFESSIONI SANITARIE: ODONTOTECNICO'),
    (34, 19, 'ARTI AUSILIARI DELLE PROFESSIONI SANITARIE: OTTICO'),
    (35, 20, 'ENOGASTRONOMIA'),
    (36, 20, 'SALA E VENDITA'),
    (37, 20, 'ACCOGLIENZA TURISTICA'),
    (38, 22, 'INDUSTRIA'),
    (39, 22, 'ARTIGIANATO');

INSERT INTO Curriculum (id, codice, idIndirizzo, idArticolazione, curriculum) VALUES
    (1, 'LI01', 1, NULL, 'LICEO CLASSICO'),
    (2, 'LI02', 2, NULL, 'LICEO SCIENTIFICO'),
    (3, 'LI03', 2, 1, 'LICEO SCIENTIFICO - opzione Scienze Applicate'),
    (4, 'LI04', 2, 2, 'LICEO SCIENTIFICO - Sezione ad indirizzo sportivo'),
    (5, 'LI05', 3, NULL, 'LICEO LINGUISTICO'),
    (6, 'LI06', 4, NULL, 'LICEO ARTISTICO'),
    (7, 'LI07', 4, 3, 'Liceo Artistico - indirizzo "Arti figurative"'),
    (8, 'LI08', 4, 4, 'Liceo Artistico - indirizzo "Architettura e ambiente"'),
    (9, 'LI09', 4, 5, 'Liceo Artistico - indirizzo "Design"'),
    (10, 'LI10', 4, 6, 'Liceo Artistico - indirizzo "Audiovisivo e multimediale"'),
    (11, 'LI11', 4, 7, 'Liceo Artistico - indirizzo "Grafica"'),
    (12, 'LI12', 4, 8, 'Liceo Artistico - indirizzo "Scenografia"'),
    (13, 'LI13', 5, 9, 'LICEO MUSICALE E COREUTICO - sezione Musicale'),
    (14, 'LI14', 5, 10, 'LICEO MUSICALE E COREUTICO - sezione Coreutica'),
    (15, 'LI15', 6, NULL, 'LICEO DELLE SCIENZE UMANE'),
    (16, 'LI16', 6, 11, 'LICEO DELLE SCIENZE UMANE - opzione Economico-sociale'),
    (17, 'TE01', 7, NULL, 'ISTITUTO TECNICO SETTORE ECONOMICO INDIRIZZO "AMMINISTRAZIONE, FINANZA E MARKETING"'),
    (18, 'TE02', 7, 12, 'ISTITUTO TECNICO SETTORE ECONOMICO INDIRIZZO "AMMINISTRAZIONE, FINANZA E MARKETING" ARTICOLAZIONE "SISTEMI INFORMATIVI AZIENDALI"'),
    (19, 'TE03', 7, 13, 'ISTITUTO TECNICO SETTORE ECONOMICO INDIRIZZO "AMMINISTRAZIONE, FINANZA E MARKETING" ARTICOLAZIONE "RELAZIONI INTERNAZIONALI PER IL MARKETING"'),
    (20, 'TE04', 8, NULL, 'ISTITUTO TECNICO SETTORE ECONOMICO INDIRIZZO "TURISMO"'),
    (21, 'TE05', 9, NULL, 'ISTITUTO TECNICO SETTORE TECNOLOGICO INDIRIZZO "MECCANICA, MECCATRONICA ED ENERGIA"'),
    (22, 'TE06', 9, 14, 'ISTITUTO TECNICO SETTORE TECNOLOGICO INDIRIZZO "MECCANICA, MECCATRONICA ED ENERGIA" ARTICOLAZIONE "MECCANICA E MECCATRONICA"'),
    (23, 'TE07', 9, 15, 'ISTITUTO TECNICO SETTORE TECNOLOGICO INDIRIZZO "MECCANICA, MECCATRONICA ED ENERGIA" ARTICOLAZIONE "ENERGIA"'),
    (24, 'TE08', 10, NULL, 'ISTITUTO TECNICO SETTORE TECNOLOGICO INDIRIZZO "TRASPORTI E LOGISTICA"'),
    (25, 'TE09', 10, 16, 'ISTITUTO TECNICO SETTORE TECNOLOGICO INDIRIZZO "TRASPORTI E LOGISTICA" ARTICOLAZIONE "COSTRUZIONE DEL MEZZO"'),
    (26, 'TE10', 10, 17, 'ISTITUTO TECNICO SETTORE TECNOLOGICO INDIRIZZO "TRASPORTI E LOGISTICA" ARTICOLAZIONE "CONDUZIONE DEL MEZZO"'),
    (27, 'TE11', 10, 18, 'ISTITUTO TECNICO SETTORE TECNOLOGICO INDIRIZZO "TRASPORTI E LOGISTICA" ARTICOLAZIONE "LOGISTICA"'),
    (28, 'TE12', 11, NULL, 'ISTITUTO TECNICO SETTORE TECNOLOGICO INDIRIZZO "ELETTRONICA ED ELETTROTECNICA"'),
    (29, 'TE13', 11, 19, 'ISTITUTO TECNICO SETTORE TECNOLOGICO INDIRIZZO "ELETTRONICA ED ELETTROTECNICA" ARTICOLAZIONE "ELETTRONICA"'),
    (30, 'TE14', 11, 20, 'ISTITUTO TECNICO SETTORE TECNOLOGICO INDIRIZZO "ELETTRONICA ED ELETTROTECNICA" ARTICOLAZIONE "ELETTROTECNICA"'),
    (31, 'TE15', 11, 21, 'ISTITUTO TECNICO SETTORE TECNOLOGICO INDIRIZZO "ELETTRONICA ED ELETTROTECNICA" ARTICOLAZIONE "AUTOMAZIONE"'),
    (32, 'TE16', 12, NULL, 'ISTITUTO TECNICO SETTORE TECNOLOGICO INDIRIZZO "INFORMATICA E TELECOMUNICAZIONI"'),
    (33, 'TE17', 12, 22, 'ISTITUTO TECNICO SETTORE TECNOLOGICO INDIRIZZO "INFORMATICA E TELECOMUNICAZIONI" ARTICOLAZIONE "INFORMATICA"'),
    (34, 'TE18', 12, 23, 'ISTITUTO TECNICO SETTORE TECNOLOGICO INDIRIZZO "INFORMATICA E TELECOMUNICAZIONI" ARTICOLAZIONE "TELECOMUNICAZIONI"'),
    (35, 'TE19', 13, NULL, 'ISTITUTO TECNICO SETTORE TECNOLOGICO INDIRIZZO "GRAFICA E COMUNICAZIONE"'),
    (36, 'TE20', 14, NULL, 'ISTITUTO TECNICO SETTORE TECNOLOGICO INDIRIZZO "CHIMICA, MATERIALI E BIOTECNOLOGIE"'),
    (37, 'TE21', 14, 24, 'ISTITUTO TECNICO SETTORE TECNOLOGICO INDIRIZZO "CHIMICA, MATERIALI E BIOTECNOLOGIE" ARTICOLAZIONE "CHIMICA E MATERIALI"'),
    (38, 'TE22', 14, 25, 'ISTITUTO TECNICO SETTORE TECNOLOGICO INDIRIZZO "CHIMICA, MATERIALI E BIOTECNOLOGIE" ARTICOLAZIONE "BIOTECNOLOGIE AMBIENTALI"'),
    (39, 'TE23', 14, 26, 'ISTITUTO TECNICO SETTORE TECNOLOGICO INDIRIZZO "CHIMICA, MATERIALI E BIOTECNOLOGIE" ARTICOLAZIONE "BIOTECNOLOGIE SANITARIE"'),
    (40, 'TE24', 15, NULL, 'ISTITUTO TECNICO SETTORE TECNOLOGICO INDIRIZZO "SISTEMA MODA"'),
    (41, 'TE25', 15, 27, 'ISTITUTO TECNICO SETTORE TECNOLOGICO INDIRIZZO "SISTEMA MODA" ARTICOLAZIONE "TESSILE, ABBIGLIAMENTO E MODA"'),
    (42, 'TE26', 15, 28, 'ISTITUTO TECNICO SETTORE TECNOLOGICO INDIRIZZO "SISTEMA MODA" ARTICOLAZIONE "CALZATURE E MODA"'),
    (43, 'TE27', 16, NULL, 'ISTITUTO TECNICO SETTORE TECNOLOGICO INDIRIZZO "AGRARIA, AGROALIMENTARE E AGROINDUSTRIA"'),
    (44, 'TE28', 16, 29, 'ISTITUTO TECNICO SETTORE TECNOLOGICO INDIRIZZO "AGRARIA, AGROALIMENTARE E AGROINDUSTRIA" ARTICOLAZIONE "PRODUZIONI E TRASFORMAZIONI"'),
    (45, 'TE29', 16, 30, 'ISTITUTO TECNICO SETTORE TECNOLOGICO INDIRIZZO "AGRARIA, AGROALIMENTARE E AGROINDUSTRIA" ARTICOLAZIONE "GESTIONE DELL''AMBIENTE E DEL TERRITORIO"'),
    (46, 'TE30', 16, 31, 'ISTITUTO TECNICO SETTORE TECNOLOGICO INDIRIZZO "AGRARIA, AGROALIMENTARE E AGROINDUSTRIA" ARTICOLAZIONE "VITICOLTURA ED ENOLOGIA"'),
    (47, 'TE31', 17, NULL, 'ISTITUTO TECNICO SETTORE TECNOLOGICO INDIRIZZO "COSTRUZIONI, AMBIENTE E TERRITORIO"'),
    (48, 'TE32', 17, 32, 'ISTITUTO TECNICO SETTORE TECNOLOGICO INDIRIZZO "COSTRUZIONI, AMBIENTE E TERRITORIO" ARTICOLAZIONE "TECNOLOGIE DEL LEGNO NELLE COSTRUZIONI"'),
    (49, 'PR01', 18, NULL, 'ISTITUTO PROFESSIONALE SETTORE SERVIZI INDIRIZZO "SERVIZI PER L''AGRICOLTURA E LO SVILUPPO RURALE"'),
    (50, 'PR02', 19, NULL, 'ISTITUTO PROFESSIONALE SETTORE SERVIZI INDIRIZZO "SERVIZI SOCIO-SANITARI"'),
    (51, 'PR03', 19, 33, 'ISTITUTO PROFESSIONALE SETTORE SERVIZI INDIRIZZO "SERVIZI SOCIO-SANITARI" ARTICOLAZIONE "ARTI AUSILIARIE DELLE PROFESSIONI SANITARIE: ODONTOTECNICO"'),
    (52, 'PR04', 19, 34, 'ISTITUTO PROFESSIONALE SETTORE SERVIZI INDIRIZZO "SERVIZI SOCIO-SANITARI" ARTICOLAZIONE "ARTI AUSILIARI DELLE PROFESSIONI SANITARIE: OTTICO"'),
    (53, 'PR05', 20, NULL, 'ISTITUTO PROFESSIONALE SETTORE SERVIZI INDIRIZZO "SERVIZI PER L''ENOGASTRONOMIA E L''OSPITALITÀ ALBERGHIERA"'),
    (54, 'PR06', 20, 35, 'ISTITUTO PROFESSIONALE SETTORE SERVIZI INDIRIZZO "SERVIZI PER L''ENOGASTRONOMIA E L''OSPITALITÀ ALBERGHIERA" ARTICOLAZIONE "ENOGASTRONOMIA"'),
    (55, 'PR07', 20, 36, 'ISTITUTO PROFESSIONALE SETTORE SERVIZI INDIRIZZO "SERVIZI PER L''ENOGASTRONOMIA E L''OSPITALITÀ ALBERGHIERA" ARTICOLAZIONE "SALA E VENDITA"'),
    (56, 'PR08', 20, 37, 'ISTITUTO PROFESSIONALE SETTORE SERVIZI INDIRIZZO "SERVIZI PER L''ENOGASTRONOMIA E L''OSPITALITÀ ALBERGHIERA" ARTICOLAZIONE "ACCOGLIENZA TURISTICA"'),
    (57, 'PR09', 21, NULL, 'ISTITUTO PROFESSIONALE SETTORE SERVIZI INDIRIZZO "SERVIZI COMMERCIALI"'),
    (58, 'PR10', 22, NULL, 'ISTITUTO PROFESSIONALE SETTORE INDUSTRIA E ARTIGIANATO INDIRIZZO "PRODUZIONI INDUSTRIALI E ARTIGIANALI"'),
    (59, 'PR11', 22, 38, 'ISTITUTO PROFESSIONALE SETTORE INDUSTRIA E ARTIGIANATO INDIRIZZO "PRODUZIONI INDUSTRIALI E ARTIGIANALI" ARTICOLAZIONE "INDUSTRIA"'),
    (60, 'PR12', 22, 39, 'ISTITUTO PROFESSIONALE SETTORE INDUSTRIA E ARTIGIANATO INDIRIZZO "PRODUZIONI INDUSTRIALI E ARTIGIANALI" ARTICOLAZIONE "ARTIGIANATO"'),
    (61, 'PR13', 23, NULL, 'ISTITUTO PROFESSIONALE SETTORE INDUSTRIA E ARTIGIANATO INDIRIZZO "MANUTENZIONE E ASSISTENZA TECNICA"'),
    (62, 'PR14', 24, NULL, 'ISTITUTO PROFESSIONALE SETTORE INDUSTRIA E ARTIGIANATO INDIRIZZO "GESTIONE DELLE ACQUE E RISANAMENTO AMBIENTALE"');

INSERT INTO Istituto (id, istituto, comune) VALUES
    (1, 'IIS Savoia Benincasa', NULL);

INSERT INTO Target (id, idCurriculum, idIstituto, abbreviazione, target) VALUES
    (1, 18, 1, 'ITE SIA triennio', 'SIA'),
    (2, 17, 1, 'ITE AFM biennio comune', 'ITE AFM I-II'),
    (3, 17, 1, 'ITE AFM triennio', 'ITE AFM III-IV-V'),
    (4, 20, 1, 'ITE Tur biennio comune', 'ITE Tur I-II');

INSERT INTO Plesso (id, idIstituto, plesso, indirizzo) VALUES
    (1, 1, 'Via Vecchini, 2', NULL),
    (2, 1, 'Via Marini, 33', NULL);

INSERT INTO Finanziamento (id, tipo, denominazione, urlAvviso, importo) VALUES
    (1, 'POC', 'Per la scuola', 'https://www.mim.gov.it/documents/20182/8938100/m_pi.AOOGABMI.REGISTRO+UFFICIALE%28U%29.0088643.03-06-2025.pdf/25e5ef54-2a3f-4fda-b4c4-b9a0cb52d2b4?t=1748959520204', 201000.0),
    (2, 'PNRR', 'Scuola 4.0: scuole innovative, cablaggio, nuovi ambienti di apprendimento e laboratori', 'https://www.mim.gov.it/documents/8099600/8783257/m_pi.AOOGABMI.REGISTRO-UFFICIALEU.0089057.03-06-2025.pdf/02b9f70d-7237-4bf5-59e9-cd63569fb061?version=1.0&t=1749458687505', 750000.0);

INSERT INTO Laboratorio (id, idPlesso, idFinanziamento, laboratorio, aula, descrizione) VALUES
    (1, 1, 1, 'Management and Operations', 'Laboratorio Informatica', NULL),
    (2, 1, 1, 'Data Science and Artificial Intelligence', 'Aula sdoppiamento', NULL),
    (3, 1, 1, 'Cybersecurity and Physical Computing', 'Aula sdoppiamento', NULL),
    (4, 1, 1, 'Multimedia and Videogame Development', 'Aula sdoppiamento', NULL),
    (5, 1, 1, 'Digital Travels and Digital Art', 'Aula "Viviana Giovannetti"', NULL);

INSERT INTO TipoObiettivo (id, tipoObiettivo, descrizione) VALUES
    (1, 'Generale', 'Sono obiettivi ampi e di lungo respiro, che definiscono la direzione generale del percorso formativo. Ad esempio, "sviluppare capacità di pensiero critico".'),
    (2, 'Specifico', 'Sono obiettivi più dettagliati e concreti, che descrivono cosa si intende raggiungere in termini di conoscenze, abilità e comportamenti specifici. Ad esempio, "essere in grado di analizzare un testo argomentativo identificando tesi e argomenti".');

-- Obiettivo: nessun record da importare
INSERT INTO Modulo (id, idLaboratorio, idTarget, modulo, descrizione, discipline, professione) VALUES
    (1, 1, 1, 'Management and Operations', 'Laboratorio per lo sviluppo di competenze nella gestione aziendale, ottimizzazione dei processi e implementazione di soluzioni informatiche. Per semplificare le operazioni di manutenzione, un server mantiene l''immagine aggiornata del sistema operativo, che viene caricata dai PC all''avvio (netboot). I dati degli utenti sono salvati su un server Samba. Il disco locale è usato come cache per il sistema operativo e come eventuale partizione di swap. Le credenziali di accesso sono memorizzare al fine di consentire un accesso con singola password (Single Sign-On)', 'Il modulo di Management e Operations permette di svolgere percorsi didattici multidisciplinari di Economia Aziendale, Informatica, Matematica e altre discipline del triennio SIA', 'Ragioniere programmatore'),
    (2, 2, 3, 'Data Science and Artificial Intelligence', 'Laboratorio per lo sviluppo di competenze nell''analisi dei dati aziendali, la definizione di azioni a partire da modelli quantitativi e l''uso di strumenti d''inferenza statistica quali i recenti modelli delle reti neurali artificiali. Il modulo prevede anche l''interazione con oggetti del mondo fisico attraverso sensori d''immagine e casi applicativi legati all''intelligenza artificiale legati alla regressione, alla classificazione e alla clusterizzazione. Al fine di aumentare il coinvolgimento verranno utilizzati esempi di Computer Vision.', 'Percorsi didattici multidisciplinari di Economia Aziendale, Informatica, Matematica e altre discipline del triennio SIA', 'Data analyst'),
    (3, 3, 2, 'Cybersecurity and Physical Computing', 'Modulo per lo sviluppo di competenze informatiche attraverso la sperimentazione pratica di dispositivi e sistemi informatici, con particolare enfasi sugli aspetti di: protezione dei dati, sicurezza dei sistemi e sicurezza dei dispositivi.', 'Informatica, Matematica, Diritto', 'Ruoli connessi alla gestione delle sicurezza informatica'),
    (4, 4, 1, 'Multimedia and Videogame Development', 'Negli ultimi anni, la progettazione di videogiochi è diventata una delle aree più affascinanti e dinamiche del panorama tecnologico. È noto che il mondo dei (video)giochi può alimentare il desiderio di una persona nell''impegnarsi in attività spesso considerate di ridotto interesse. Questo aspetto porta a dover introdurre aspetti anche complessi nello sviluppo di applicazioni multimediali. A tal proposito linguaggi di programmazione come Python consentono di ridurre la complessità nelle fasi di sviluppo di applicazioni grazie anche alla ridotta complessità nell''apprendere concetti della programmazione che spaziano dalle istruzioni condizionali alle strutture dati. Programmare videogame in Python oggi è molto semplice grazie alla disponibilità di diverse librerie e framework che consentono di ridurre anche in questo caso la complessità tipica di questo mondo. L''idea  di insegnare la programmazione attraverso la creazione dei giochi non è nuova ed è stata ampiamente sviluppata negli anni ''80, quando le cassette con i videogiochi per gli home computer dell''epoca erano accompagnate da riviste che introducevano alla programmazione. Negli anni recenti, con l''introduzione del Python e di Single-board computer (SBC) come Raspberry Pi, si sono aperte nuove frontiere educative. Il laboratorio sviluppa le competenze di produzione di artefatti multimediali e di programmazione nel contesto dei videogame sotto differenti punti di vista che spaziano dalle interfacce al mondo dell''audio e del video.', '', ''),
    (5, 5, 4, 'Digital Travels and Digital Art', '', '', '');

INSERT INTO Fornitore (id, fornitore, PIVA, indirizzo, telefono) VALUES
    (1, 'Orsetti', NULL, NULL, NULL);

INSERT INTO TipoFornitura (id, tipoFornitura) VALUES
    (1, 'Computer fisso e periferiche indispensabili'),
    (2, 'Computer portatile'),
    (3, 'Single Board Computer e periferiche indispensabili'),
    (4, 'Microcontrollore'),
    (5, 'Stampante'),
    (6, 'Visore 3D'),
    (7, 'Altre periferiche computer'),
    (8, 'Sensori ed attuatori'),
    (9, 'Armadi e carrelli'),
    (10, 'Digital board'),
    (11, 'Dispositivi per l''Intelligenza Artificiale e l''Industria 5.0'),
    (12, 'Infrastruttura di rete'),
    (13, 'Licenze Software'),
    (100, 'Installazione');

INSERT INTO Fornitura (id, idTipoFornitura, idFornitore, fornitura, prezzo, codiceMepa, link, SKU, note) VALUES
    (1, 1, 1, 'Workstation Studente I5 o I7/16/512/15.6 + Scheda grafica 4GB, Monitor 24 pollici, tastiera e mouse', 1200.0, NULL, NULL, NULL, NULL),
    (2, 1, 1, 'Raspberry Pi 500 Desktop Kit', 110.0, NULL, 'https://www.melopero.com/shop/boards/pi500/raspberry-pi-500-desktop-kit-it/', NULL, NULL),
    (3, 1, 1, 'Raspberry Pi Monitor Red/White', 108.0, NULL, 'https://www.melopero.com/shop/displays/raspberry-pi-monitor-red-white/', NULL, NULL),
    (4, 1, 1, 'Raspberry Pi 15,5W USB-C Power Supply (WhiteEU)', 8.0, NULL, 'https://www.melopero.com/shop/accessories/power-accessories/raspberry-pi-12-5w-psu-eu/', NULL, NULL),
    (5, 2, 1, 'NOTEBOOK STANDARD I5/16/512/15.6', 500.0, NULL, NULL, NULL, NULL),
    (6, 2, 1, 'NOTEBOOK ALTE PRESTAZIONI I5 o I7/16/512/15.6 + Scheda grafica 4GB', 1500.0, NULL, NULL, NULL, NULL),
    (7, 3, 1, 'Melopero Raspberry Pi 5 16GB Starter Kit Black', 166.0, NULL, 'https://www.melopero.com/shop/kit/melopero-raspberry-pi-5-16gb-starter-kit-black/', NULL, NULL),
    (8, 3, 1, 'Raspberry Pi Monitor Black', 108.0, NULL, 'https://www.melopero.com/shop/displays/raspberry-pi-monitor-black/', NULL, NULL),
    (9, 3, 1, 'Raspberry Pi Official Mouse (Black)', 8.0, NULL, 'https://www.melopero.com/shop/accessories/mouse-keyboard/raspberrypiofficialmouseblack/', NULL, NULL),
    (10, 3, 1, 'Raspberry Pi Official Keyboard (Black) - ITA Layout', 18.0, NULL, 'https://www.melopero.com/shop/accessories/mouse-keyboard/official-keyboard-black-ita-layout/', NULL, NULL),
    (11, 11, 1, 'Raspberry Pi 4 Official Power Supply (5.1V - 3A) Black with EU Plug', 8.0, NULL, 'https://www.melopero.com/shop/components/power/raspberrypi4officialpowersupply5dot1v3ablackwitheuplug/', NULL, NULL),
    (12, 3, 1, 'Raspberry Pi SSD Kit 512', 59.0, NULL, 'https://www.melopero.com/shop/accessories/microsd_hard_disk/raspberry-pi-ssd-kit-512/', NULL, NULL),
    (13, 3, 1, 'Raspberry Pi Bumper', 3.0, NULL, 'https://www.melopero.com/shop/accessories/case/raspberry-pi-bumper/', NULL, NULL),
    (14, 3, 1, 'Raspberry Pi 5 Active Cooler', 5.0, NULL, 'https://www.melopero.com/it/shop/accessories/case/raspberry-pi-5-active-cooler/', NULL, NULL),
    (15, 3, 1, 'Raspberry Pi AI Hat 26T', 100.0, NULL, 'https://www.melopero.com/shop/hat/raspberry-pi-ai-hat-26t/', NULL, NULL),
    (16, 4, 1, 'Arduino Starter Kit Classroom Pack', 500.0, NULL, 'https://store.arduino.cc/products/arduino-starter-kit-classroom-pack?srsltid=AfmBOop9Ityo-ocRkhjHb-wp-xKjPRUoX7Encw33ipIAWNBNgr5_QKGS', NULL, NULL),
    (17, 4, 1, 'Raspberry Pi Pico 2 W with header', 7.0, NULL, 'https://www.melopero.com/shop/boards/pico/raspberry-pi-pico-2-w-with-header/', NULL, NULL),
    (18, 4, 1, 'Raspberry Pi Zero 2 W con header pre-saldati', 16.0, NULL, 'https://www.melopero.com/it/shop/boards/zero/raspberry-pi-zero-2-wh/', NULL, NULL),
    (19, 11, 1, 'BBC Micro:Bit V2 Club (kit 10 schede)', 230.0, NULL, 'https://www.robotstore.it/micro-bit-V2-CLUB', NULL, NULL),
    (20, 5, 1, 'Stampante LASER a colori', 450.0, NULL, NULL, NULL, NULL),
    (21, 6, 1, 'Visore 3D MetaQuest 3 4GB', 400.0, NULL, NULL, NULL, NULL),
    (22, 7, 1, 'Cuffie collegamento USB-C a conduzione ossea', 30.0, NULL, NULL, NULL, NULL),
    (23, 7, 1, 'Microfono USB a condensatore', 40.0, NULL, NULL, NULL, NULL),
    (24, 9, 1, 'Armadio', 1000.0, NULL, NULL, NULL, NULL),
    (25, 9, 1, 'Carrello 32 portatili', 900.0, NULL, NULL, NULL, NULL),
    (26, 10, 1, 'Digital Board', 1700.0, NULL, NULL, NULL, NULL),
    (27, 11, 1, 'Mini Nastro Trasportatore da Tavolo 5x70cm', 36.0, NULL, 'https://www.amazon.it/Trasportatore-Sullattrito-Dispositivo-Esperimenti-Scientifici/dp/B0D62YPN5T/ref=asc_df_B0D62YPN5T?mcid=a4cab7fc06103dbba2be3c56fb49d605&tag=googshopit-21&linkCode=df0&hvadid=700884512772&hvpos=&hvnetw=g&hvrand=16666221039167349633&hvpone=&hvptwo=&hvqmt=&hvdev=c&hvdvcmdl=&hvlocint=&hvlocphy=9220598&hvtargid=pla-2373816327006&psc=1&hvocijid=16666221039167349633-B0D62YPN5T-&hvexpln=0', NULL, NULL),
    (28, 11, 1, 'LISIPAROIWHT-01 Light Ring Board, anello luminoso LED bianco, per fotocamera Raspberry Pi', 13.93, NULL, 'https://it.farnell.com/cyntech-components/lisiparoiwht-01/flash-anello-led-camera-raspberry/dp/3401756', NULL, NULL),
    (29, 11, 1, 'LISIPAROIIR-01 Light Ring Board, anello luminoso IR, per fotocamera Raspberry Pi', 13.93, NULL, 'https://it.farnell.com/cyntech-components/lisiparoiir-01/rpi-ir-board-for-pi-camera/dp/3401755', NULL, NULL),
    (30, 11, 1, 'Lampada a LED da tavolo con dimmer e fissaggio a clip SKU: 8220-VTLLAMP15', 30.0, NULL, 'https://futuranet.it/prodotto/lampada-a-led-da-tavolo-con-dimmer-e-fissaggio-a-clip/?srsltid=AfmBOopetPjXkaSTLAzK-czxbpZYWdolbKDWsPpSSoMFF6hOyDPxuGqx', NULL, NULL),
    (31, 11, 1, 'Tripode 360 gradi', 5.0, NULL, 'https://www.melopero.com/shop/accessories/portable-mini-tripod-360-rotation-ideal-for-raspberry-pi-hq-camera', NULL, NULL),
    (32, 11, 1, 'Tripode per Telecamera Raspberry Pi', 3.0, NULL, 'https://www.kubii.com/it/obiettivi-supporti/2053-supporto-tripode-per-telecamera-rpi-3272496009134.html', NULL, NULL),
    (33, 11, 1, 'Raspberry Pi Camera Module 3', 27.0, NULL, 'https://www.melopero.com/shop/accessories/cameras/camera-module-3/', NULL, NULL),
    (34, 11, 1, 'Raspberry Pi Camera Module 3 Noir', 27.0, NULL, 'https://www.melopero.com/shop/accessories/cameras/camera-module-3-noir/', NULL, NULL),
    (35, 11, 1, 'Raspberry Pi Global Shutter Camera', 54.0, NULL, 'https://www.melopero.com/shop/accessories/cameras/global-shutter-camera/', NULL, NULL),
    (36, 11, 1, 'Raspberry Pi AI Camera', 76.0, NULL, 'https://www.melopero.com/shop/accessories/raspberry-pi-ai-camera/', NULL, NULL),
    (37, 11, 1, 'The Official Raspberry Pi Camera Guide', 4.0, NULL, 'https://www.melopero.com/shop/accessories/theofficialraspberrypicameraguide/', NULL, NULL),
    (38, 11, 1, 'Raspberry Pi 6mm Wide Angle Lens for Raspberry Pi HQ Camera', 27.0, NULL, 'https://www.melopero.com/shop/accessories/cameras/6mmwideanglelensforraspberrypihqcamera/', NULL, NULL),
    (39, 11, 1, 'Raspberry Pi 16mm Telephoto Lens for Raspberry Pi HQ Camera', 54.0, NULL, 'https://www.melopero.com/shop/accessories/cameras/16mmtelephotolensforraspberrypihqcamera/', NULL, NULL),
    (40, 11, 1, 'Lente Microscopio 100x per Camera Officiale HQ', 19.0, NULL, 'https://www.kubii.com/it/obiettivi-supporti/4041-lente-microscopio-100x-per-camera-officiale-hq-3272496315181.html', NULL, NULL),
    (41, 11, 1, 'OAK-D-Lite AF', 134.1, NULL, 'https://www.mouser.it/ProductDetail/Luxonis/OAK-D-Lite-AF?qs=Znm5pLBrcAKOqyMVx9BJ9A%3D%3D&srsltid=AfmBOoo7AK-CpkmJYUbqJD1xO2F3mDexMk6smwppUpnXCxS5D428u_y0', NULL, NULL),
    (42, 11, 1, 'Kit di filtri ottici attacco passo C o CS', 100.0, NULL, NULL, NULL, NULL),
    (43, 11, 1, 'Workstation/Server E3/E5 o equivalente AMD EPYC 64 GB RAM DDR4 (espandibile),SSD/NVMe da 1 TB per il sistema operativo e applicazioni,Scheda di rete Gigabit Ethernet dual-port,Sistema di alimentazione ridondante (consigliato)', 2500.0, NULL, NULL, NULL, NULL),
    (44, 11, 1, 'Switch Gigabit gestibile con almeno 24 porte', 200.0, NULL, NULL, NULL, NULL),
    (45, 11, 1, 'Switch Gigabit con almeno 8 porte', 10.0, NULL, NULL, NULL, NULL),
    (46, 12, 1, 'NAS 24 TB', 1500.0, NULL, NULL, NULL, NULL),
    (47, 13, 1, 'Veyon Licenza perpetua add-on pack', 1123.0, NULL, NULL, NULL, NULL),
    (48, 100, 1, 'Installazione sistema operativo e servizi di rete', 1000.0, NULL, NULL, NULL, NULL),
    (49, 7, 1, 'Gruppo di continuità', 80.0, NULL, NULL, NULL, NULL);

INSERT INTO Voce (id, lettera, voce, descrizione, minimale, massimale) VALUES
    (1, 'A', 'Progettazione', 'La progettazione consiste nell’insieme delle attività propedeutiche all’emanazione dell’avviso pubblico/richiesta di offerta/trattativa diretta/ordine di acquisto (nel rispetto del codice dei contratti) e del relativo disciplinare e capitolato tecnico per l’acquisto dei beni e dei servizi ed è assicurata da personale interno o esterno all’istituzione scolastica in possesso di adeguata professionalità per la realizzazione della relativa azione ammessa a finanziamento.', 0, 2),
    (2, 'B', 'Spese organizzative e gestionali', 'Si tratta di spese funzionali alla gestione e all’attuazione del progetto e includono:\\n -compensi per il personale scolastico e per i soggetti coinvolti a vario titolo nell’attuazione dei progetti (es. gestione del sistema informativo, attività connesse alla stesura degli atti di gara, adempimenti operativi, relazioni con l’Ufficio dell’Autorità di Gestione);\\n - spese per la copertura assicurativa dei beni acquistati; • spese per le spedizioni postali;\\n - contributo ANAC per la richiesta del CIG.', 0, 5),
    (3, 'C', 'Fornitura di beni e attrezzature (e relativa installazione)', 'Oggetto del presente avviso è la fornitura di beni e attrezzature per la realizzazione di laboratori professionalizzanti.', 85, 100),
    (4, 'D', 'Piccoli interventi di sistemazione edilizia/terreno', 'È prevista la possibilità di effettuare piccoli interventi di adattamento edilizio e impiantistico funzionali all’installazione e all’utilizzo dei beni e delle attrezzature acquistati.', 0, 5),
    (5, 'E', 'Pubblicità', 'Il corretto adempimento rispetto agli obblighi di pubblicità costituisce una condizione imprescindibile di ogni intervento finanziato con i Fondi Strutturali e deve essere programmata a livello di singolo intervento. Per ogni progetto cofinanziato dal Fondo Sociale Europeo o del Fondo Europeo di Sviluppo Regionale, il beneficiario è tenuto a svolgere una specifica azione di informazione, sensibilizzazione e pubblicità. Sussiste, altresì, l’obbligo di apposizione di targhette con logo, codice progetto e indicazione del fondo su tutti i beni acquistati con il FESR. Le relative specifiche tecniche sono disponibili al seguente link: https://www.istruzione.it/pon/ponkit.html.', 0, 1),
    (6, 'F', 'Certificato di collaudo, verifica di conformità o di regolare esecuzione', 'A seguito della realizzazione dei laboratori, l’istituzione scolastica provvede al rilascio dei certificati di collaudo, di verifica di conformità o dei certificati di regolare esecuzione.', 0, 1),
    (7, 'G', 'Addestramento all''uso delle attrezzature', '...', 0, 1);

INSERT INTO Costo (id, idVoce, idLaboratorio, idFornitura, descrizione, quantita) VALUES
    (1, 3, 1, 1, NULL, 30),
    (2, 3, 1, 43, NULL, 1),
    (3, 3, 1, 44, NULL, 1),
    (4, 3, 1, 46, NULL, 1),
    (5, 3, 1, 26, NULL, 1),
    (6, 3, 1, 20, NULL, 2),
    (7, 3, 1, 48, NULL, 1),
    (8, 3, 1, 49, NULL, 5),
    (9, 3, 2, 6, NULL, 10),
    (10, 3, 2, 7, NULL, 5),
    (11, 3, 2, 8, NULL, 5),
    (12, 3, 2, 9, NULL, 5),
    (13, 3, 2, 10, NULL, 5),
    (14, 3, 2, 11, NULL, 5),
    (15, 3, 2, 12, NULL, 5),
    (16, 3, 2, 13, NULL, 2),
    (17, 3, 2, 14, NULL, 2),
    (18, 3, 2, 15, NULL, 2),
    (19, 3, 2, 24, NULL, 1),
    (20, 3, 2, 26, NULL, 1),
    (21, 3, 2, 27, NULL, 1),
    (22, 3, 2, 28, NULL, 1),
    (23, 3, 2, 29, NULL, 1),
    (24, 3, 2, 30, NULL, 1),
    (25, 3, 2, 31, NULL, 1),
    (26, 3, 2, 32, NULL, 1),
    (27, 3, 2, 33, NULL, 1),
    (28, 3, 2, 34, NULL, 1),
    (29, 3, 2, 35, NULL, 1),
    (30, 3, 2, 36, NULL, 1),
    (31, 3, 2, 37, NULL, 1),
    (32, 3, 2, 38, NULL, 1),
    (33, 3, 2, 39, NULL, 1),
    (34, 3, 2, 40, NULL, 1),
    (35, 3, 2, 41, NULL, 1),
    (36, 3, 2, 42, NULL, 1),
    (37, 3, 2, 45, NULL, 3),
    (38, 3, 1, 26, NULL, 1),
    (39, 3, 3, 2, NULL, 25),
    (40, 3, 3, 3, NULL, 25),
    (41, 3, 3, 4, NULL, 25),
    (42, 3, 3, 16, NULL, 1),
    (43, 3, 3, 17, NULL, 6),
    (44, 3, 3, 18, NULL, 6),
    (45, 3, 3, 19, NULL, 1),
    (46, 3, 3, 24, NULL, 1),
    (47, 3, 3, 26, NULL, 1),
    (48, 3, 4, 5, NULL, 32),
    (49, 3, 4, 22, NULL, 32),
    (50, 3, 4, 23, NULL, 5),
    (51, 3, 4, 25, NULL, 1),
    (52, 3, 4, 26, NULL, 1),
    (53, 3, 5, 5, NULL, 32),
    (54, 3, 5, 6, NULL, 10),
    (55, 3, 5, 25, NULL, 1),
    (56, 3, 5, 26, NULL, 1);

-- ObiettiviModulo: nessun record da importare
